{
  "workspace": {
    "type": "qr_3d_pose_mapping",
    "description": "3D workspace mapping using QRCode corners, solvePnP, plane normal, and ray-plane intersection.",
    "qr_size_m": 0.073,
    "object_height_offset_m": 0.05,
    "camera_matrix": [
      [
        600.0,
        0.0,
        640.0
      ],
      [
        0.0,
        600.0,
        360.0
      ],
      [
        0.0,
        0.0,
        1.0
      ]
    ],
    "dist_coeffs": [
      0.0,
      0.0,
      0.0,
      0.0,
      0.0
    ],
    "origin_camera": {
      "x": -0.042086,
      "y": 0.094899,
      "z": 0.270039
    },
    "center_camera": {
      "x": 0.074187,
      "y": -0.004302,
      "z": 0.294226
    },
    "x_axis_camera": {
      "x": 0.982567,
      "y": 0.041622,
      "z": 0.181191
    },
    "z_axis_camera": {
      "x": 0.036214,
      "y": -0.998797,
      "z": 0.033053
    },
    "normal_camera": {
      "x": 0.182349,
      "y": -0.025915,
      "z": -0.982892
    },
    "width_m": 0.228999,
    "depth_m": 0.208184,
    "qrcode_centers_camera": {
      "QR1": {
        "x": -0.042086,
        "y": 0.094899,
        "z": 0.270039
      },
      "QR2": {
        "x": 0.182921,
        "y": 0.10443,
        "z": 0.311532
      },
      "QR3": {
        "x": -0.034529,
        "y": -0.113034,
        "z": 0.276924
      }
    }
  },
  "objects": []
}